idade,universidade,curso,periodo,ling_prog,area_atuacao,art_banda,filme_serie,comida_fav,hobby,atv_fisica,altura,cluster
0.5333091614208071,unifil,ciencia da computacao,7,javascript,dev,pop,fantasia,lanche,jogos,True,0.06720924106488577,2
0.8948746945874556,puc,ads,5,javascript,ciencia_dados/ia,rap,fantasia,japonesa,artes,False,-0.750990215377218,0
-0.5513874380791385,unifil,engenharia de software,2,php,gestao/diretoria,pop,fantasia,massa,artes,False,-0.9847614886463906,1
3.064267893587347,unifil,ciencia da computacao,4,java,ciencia_dados/ia,rock,ficção científica,massa,esporte,True,-0.049676395569700486,0
-0.18982190491248996,universidade positivo,engenharia de software,7,python,ciencia_dados/ia,rock,drama,massa,jogos,False,0.651637424237817,2
-0.18982190491248996,utfpr,engenharia de software,6,java,ciencia_dados/ia,eletronica,fantasia,japonesa,jogos,True,0.651637424237817,2
-0.912952971245787,uel,ciencia de dados e IA,4,python,ciencia_dados/ia,pop,drama,outros,jogos,True,1.2360656074107483,1
-0.912952971245787,uel,ciencia de dados e IA,2,python,n/d,pop,ficção científica,outros,jogos,True,0.30098051433405826,1
-0.18982190491248996,unifil,ciencia da computacao,6,java,ciencia_dados/ia,pop,fantasia,lanche,jogos,True,0.651637424237817,2
-0.18982190491248996,utfpr,engenharia de software,8,javascript,n/d,outros,fantasia,massa,jogos,False,0.06720924106488577,2
1.2564402277541042,unicesumar,ads,4,c,dev,pop,fantasia,japonesa,jogos,False,0.7685230608724033,0
0.17174362825415856,utfpr,sistemas de informacao,2,python,gestao/diretoria,rap,fantasia,churrasco,artes,True,1.3529512440453346,1
-0.912952971245787,unifil,engenharia de software,6,java,dev,pop,ficção científica,japonesa,artes,True,0.41786615096864455,2
0.5333091614208071,utfpr,sistemas de informacao,3,python,ciencia_dados/ia,rock,ficção científica,massa,jogos,False,-1.1016471252809767,1
0.5333091614208071,puc,ads,6,python,ciencia_dados/ia,outros,drama,massa,outros,True,-0.6341045787426318,2
0.17174362825415856,uel,ciencia de dados e IA,2,python,ciencia_dados/ia,rock,drama,lanche,esporte,True,-0.6341045787426318,1
-0.5513874380791385,utfpr,sistemas de informacao,4,python,ciencia_dados/ia,rap,comédia,japonesa,outros,False,-1.4523040351847356,1
-0.18982190491248996,unicesumar,ads,4,python,ciencia_dados/ia,rock,drama,massa,outros,True,1.2360656074107483,1
0.8948746945874556,unifil,engenharia de software,4,java,dev,rock,ficção científica,massa,artes,False,0.06720924106488577,0
-0.5513874380791385,unifil,ciencia da computacao,6,java,ciencia_dados/ia,outros,outros,outros,esporte,True,0.06720924106488577,2
-0.912952971245787,utfpr,sistemas de informacao,4,python,ciencia_dados/ia,rock,outros,lanche,artes,True,0.651637424237817,1
-0.5513874380791385,utfpr,sistemas de informacao,4,python,ciencia_dados/ia,rock,outros,lanche,jogos,False,-0.049676395569700486,1
-0.5513874380791385,universidade positivo,engenharia de software,6,javascript,ciencia_dados/ia,eletronica,drama,outros,esporte,True,0.41786615096864455,2
-0.18982190491248996,unisenai,engenharia de software,4,java,ciencia_dados/ia,rap,drama,japonesa,jogos,True,-0.16656203220428675,1
-0.18982190491248996,unifil,engenharia de software,5,java,ciencia_dados/ia,rap,drama,japonesa,outros,True,-0.16656203220428675,2
0.5333091614208071,unifil,engenharia de software,5,java,ciencia_dados/ia,rock,comédia,churrasco,artes,True,0.41786615096864455,0
-0.18982190491248996,unisenai,engenharia de software,6,java,dev,rock,fantasia,lanche,jogos,False,-1.569189671819322,2
-0.18982190491248996,unifil,engenharia de software,6,java,gestao/diretoria,eletronica,comédia,churrasco,jogos,True,0.651637424237817,2
-0.5513874380791385,unifil,engenharia de software,4,java,dev,rock,fantasia,massa,jogos,True,1.3529512440453346,1
-1.2745185044124356,utfpr,sistemas de informacao,2,python,dev,rock,drama,massa,jogos,True,-0.750990215377218,1
-0.912952971245787,universidade positivo,ads,2,python,n/d,rock,drama,lanche,jogos,False,0.30098051433405826,1
-1.2745185044124356,unifil,ads,5,portugol,gestao/diretoria,rap,outros,massa,artes,True,-2.854931674799771,2
-0.18982190491248996,unifil,engenharia de software,5,java,ciencia_dados/ia,rock,drama,churrasco,artes,False,-1.1016471252809767,2
-0.5513874380791385,unifil,engenharia de software,6,java,ciencia_dados/ia,outros,drama,churrasco,jogos,True,2.7555788836603696,2
-0.18982190491248996,unifil,engenharia de software,6,java,n/d,rap,ficção científica,japonesa,artes,True,-0.6341045787426318,2
0.17174362825415856,unifil,ciencia da computacao,6,java,ciencia_dados/ia,pop,fantasia,outros,artes,True,-1.3354183985501493,2
0.5333091614208071,unicesumar,ads,2,c,gestao/diretoria,pop,comédia,japonesa,esporte,False,-0.16656203220428675,1
0.8948746945874556,unifil,engenharia de software,5,java,ciencia_dados/ia,rock,drama,japonesa,outros,False,-0.9847614886463906,0
-0.912952971245787,unifil,engenharia de software,6,java,ciencia_dados/ia,rap,fantasia,churrasco,esporte,True,0.41786615096864455,2
3.787398959920644,utfpr,mestrado em eng elétrica,4,python,gestao/diretoria,rock,fantasia,japonesa,artes,True,0.8854086975069896,0
